<?xml version="1.0" encoding="UTF-8"?>
<wls:weblogic-web-app
  xmlns:wls="http://xmlns.oracle.com/weblogic/weblogic-web-app"
  xmlns:xsi="http://www.w3.org/2001/XMLSchema-instance"
  xsi:schemaLocation="http://java.sun.com/xml/ns/javaee
http://java.sun.com/xml/ns/javaee/ejb-jar_3_0.xsd
http://xmlns.oracle.com/weblogic/weblogic-web-app
http://xmlns.oracle.com/weblogic/weblogic-web-app/1.3/weblogic-web-app.xsd">

  <wls:container-descriptor>
    <wls:prefer-application-packages>
      <package-name>org.springframework.*</package-name>
      <package-name>org.hibernate.*</package-name>
      <package-name>javax.validation.*</package-name>
      <package-name>javax.validation.spi.*</package-name>
      <package-name>org.slf4j.*</package-name>
    </wls:prefer-application-packages>
    <wls:show-archived-real-path-enabled>true</wls:show-archived-real-path-enabled>
  </wls:container-descriptor>
</wls:weblogic-web-app>
